<?xml version="1.0" encoding="UTF-8"?>

<taskInfo version="1.0">
  <info name="api_username" description="Username"></info>
  <info name="api_password" description="Password" type="encrypted"></info>
  <info name="api_location" description="API Location (https://acme.kinops.io/kinetic-task/app/api/v1)"></info>
  <info name="api_access_key_identifier" description="API Access Key Identifier"></info>
  <info name="api_access_key_secret" description="API Access Key Secret" type="encrypted"></info>
  <info name="enable_debug_logging" description="True or False">false</info>
</taskInfo>