<?xml version="1.0" encoding="UTF-8"?>
<taskDefinition id="utility_message_formatter" name="Utility Message Formatter" schema_version="1.0" version="1">
    <author>support@kineticdata.com</author>
    <description>
        Formats a message - typically for use in an email.
          - timezones are supported with the tzinfo gem.
          - markdown is supported with the kramdown gem.
    </description>
    <helpurl></helpurl>
    <visible>false</visible>
    <deferrable>false</deferrable>
    <parameters>
        <parameter id="error_handling" label="Error Handling" required="true"
            tooltip="Determine what to return if an error is encountered."
            menu="Error Message,Raise Error">Error Message</parameter>
        <parameter id="input" label="Input" required="false" tooltip="Input"/>
    </parameters>
    <handler name="utility_message_formatter" version="1">
        <infos>
            <info name="enable_debug_logging">&lt;%= @info['enable_debug_logging'] %&gt;</info>
        </infos>
        <parameters>
            <parameter name="error_handling">&lt;%= @parameters['error_handling'] %&gt;</parameter>
            <parameter name="input">&lt;%= @parameters['input'] %&gt;</parameter>
        </parameters>
    </handler>
    <results format="xml">
        <result name="Handler Error Message"/>
        <result name="Output"/>
    </results>
</taskDefinition>
